{"pitch": [-5.05999808223387, 7.050756252840765, 250.20434532510328, 49.44751781697197], "energy": [-1.5429344177246094, 5.164304256439209, 47.593493164907876, 30.84608958246778]}