{"pitch": [-2.839265335090325, 11.022230965120379, 215.84097146592325, 53.59883358611187], "energy": [-1.6206626892089844, 6.771965503692627, 59.41255134355984, 36.62489500139779]}